<?xml version="1.0" encoding="UTF-8"?>
<article><question>How to Upload Node.js File and Run the Node.js?&#13;
</question><answer>To ensure the functionality of the Node.js application through browser, you can make use of the below given sample script.&#13;
&#13;
http = require('http');&#13;
http.createServer(function (req, res) {&#13;
res.writeHead(200, {'Content-Type': 'text/plain'});&#13;
res.end('It is functioning!');&#13;
}).listen(2000);&#13;
console.log('Server running at port 2000');&#13;
</answer><location></location><tags></tags><user>rain_deer</user><context></context><unixTime>1614278444</unixTime><date>25-02-2021</date></article>
