<?xml version="1.0" encoding="UTF-8"?>
<article><question>xml फाइल से इन्फर्मेशन कैसे निकाला जाता है ?</question><answer>PHP मे :&#13;
        $xml  = simplexml_load_file("filename.xml");&#13;
से फाइल लोड हो जएगा वेरिएब्ल में और उस्से इंडेक्सिंग करके डेटा निकाल सकते हैं ।</answer><location></location><tags></tags><user>ph5066</user><context></context><unixTime>1613640068</unixTime><date>18-02-2021</date></article>
