<?xml version="1.0" encoding="UTF-8"?>
<article><question>array से xml  document कैसे बनाया जाता है ? </question><answer>नया xml document बनाने के लिये : &lt;br /&gt;&#13;
$xml = new DOMDocument('1.0', 'UTF-8');&#13;
        $root = $xml-&gt;createElement("article");&#13;
        $xml-&gt;appendChild($root);&#13;
foreach($entry as $key =&gt; $value ){&#13;
            $node = $xml-&gt;createElement($key);&#13;
            $node-&gt;nodeValue = $value;&#13;
            $root-&gt;appendChild($node);&#13;
&#13;
        } &lt;br /&gt;&#13;
&#13;
यहाँ $entry एक associative array है । उसमे जो भी होगा वो xml document में भरा जायेगा । मेरा output ये रहा :&#13;
        &#13;
                  &lt;?xml version="1.0" encoding="UTF-8"?&gt;&#13;
&lt;article&gt;&#13;
&lt;question&gt;When did India get freedom?&lt;/question&gt;&#13;
&lt;answer&gt;In 1947. India got freedom from British rule in 1947.&lt;/answer&gt;&#13;
&lt;location&gt;burdwan&lt;/location&gt;&#13;
&lt;tags&gt;India , history&lt;/tags&gt;&#13;
&lt;user&gt;bittu&lt;/user&gt;&#13;
&lt;context&gt;indian freedom&lt;/context&gt;&#13;
&lt;unixTime&gt;1613583360&lt;/unixTime&gt;&#13;
&lt;date&gt;17-02-2021&lt;/date&gt;&#13;
&lt;/article&gt;&#13;
&#13;
</answer><location></location><tags> </tags><user></user><context></context><unixTime>1613586880</unixTime><date>17-02-2021</date></article>
