<?xml version="1.0" encoding="UTF-8"?>
<article><question>国際交流基金</question><answer>ライブラリーは、国際交流基金（ジャパンファウンデーション）の実施事業に関する資料や、国際文化交流・文化政策に関する図書資料、外国語で書かれた日本を紹介する図書・映像資料などを所蔵しています。 どなたでもご自由にご利用いただけます。</answer><location>japan</location><tags></tags><user>asdasd as</user><context></context><unixTime>1614061684</unixTime><date>23-02-2021</date></article>
